35651584,1603155796335678159,1603155797563445781,1603155798160174147,1603155799996532028,1603155800626403649,1603155802415597825,1603155803084313028,1603155804769999747,1603155805388039775,1603155806583056527,1603155807201268863
35651584,1603155804335704105,1603155805575227164,1603155806140724116,1603155807621875062,1603155808155674195,1603155809311830588,1603155809879912881,1603155811163924795,1603155811748772930,1603155813253988683,1603155813870339738
35651584,1603155812335678850,1603155813712181117,1603155814301979874,1603155815604855735,1603155816140002662,1603155817313854958,1603155817887646000,1603155819171193444,1603155819745309800,1603155820829094608,1603155821507838130
35651584,1603155820335612000,1603155821382495711,1603155821988882213,1603155823324226227,1603155823849527306,1603155825072466238,1603155825700437860,1603155827174585384,1603155827868537415,1603155829388846325,1603155830007124131
35651584,1603155828335602758,1603155829726364981,1603155830338057532,1603155831553615180,1603155832082733999,1603155833244925248,1603155833879636660,1603155835144222781,1603155835759391867,1603155837001393907,1603155837587908028
35651584,1603155836335623423,1603155837532241275,1603155838094804631,1603155839401408532,1603155840001654244,1603155841279574726,1603155841817804527,1603155842926590373,1603155843456586391,1603155844674795321,1603155845387406053
35651584,1603155844335657523,1603155845533099986,1603155846053774989,1603155847311863357,1603155847868086679,1603155848992733306,1603155849543331150,1603155850869521523,1603155851475417160,1603155852910645847,1603155853470309792
35651584,1603155852335677140,1603155853453071292,1603155854086188500,1603155855347364278,1603155856022086083,1603155857274867390,1603155857832145184,1603155859130310029,1603155859717122563,1603155861412146213,1603155862049816776
35651584,1603155860335672669,1603155861562627450,1603155862099463619,1603155863361230286,1603155863946731919,1603155865205360678,1603155865825844712,1603155867088904902,1603155867586247557,1603155868815498574,1603155869418458990
35651584,1603155868335495833,1603155869409517611,1603155870032570843,1603155871298481426,1603155871892976434,1603155872993675855,1603155873517013684,1603155874725829686,1603155875283493260,1603155876592166841,1603155877204353973
35651584,1603155876335559545,1603155877360990318,1603155877959072735,1603155879189398630,1603155879690947204,1603155880748862009,1603155881374491740,1603155882524892129,1603155883054559998,1603155884230224005,1603155884963939754
35651584,1603155884335661894,1603155885288573133,1603155885832724457,1603155887030513848,1603155887589171530,1603155888675456564,1603155889328884412,1603155890452768571,1603155890993552822,1603155892256341793,1603155892945646077
35651584,1603155892335600902,1603155893385085363,1603155893920533859,1603155895098715091,1603155895607083503,1603155896669810954,1603155897189143067,1603155898485575250,1603155899096670699,1603155900370700798,1603155901055709667
35651584,1603155900335674633,1603155901478845442,1603155902094085601,1603155903231174677,1603155903766439703,1603155904948819657,1603155905534221184,1603155906667826254,1603155907252668335,1603155908412570390,1603155909102995741
35651584,1603155908335660323,1603155909579908822,1603155910134603563,1603155911407505177,1603155911884452976,1603155912910839368,1603155913539631403,1603155914868661840,1603155915438885578,1603155916879645844,1603155917422311551
35651584,1603155916335576640,1603155917386721279,1603155918022022047,1603155919227040345,1603155919827118726,1603155921151154586,1603155921759482495,1603155923029338580,1603155923568336422,1603155924753096931,1603155925402238910
35651584,1603155924335609606,1603155925322966606,1603155925876804944,1603155927147655111,1603155927650013314,1603155928922984475,1603155929518420878,1603155930890755503,1603155931392139625,1603155932814326212,1603155933340749772
35651584,1603155932335639214,1603155933268040291,1603155933848789677,1603155934982858424,1603155935604245850,1603155936925332725,1603155937539871036,1603155938947129563,1603155939482062202,1603155940636311632,1603155941165699197
35651584,1603155940335639720,1603155941271178349,1603155941908565056,1603155942891579317,1603155943441925616,1603155944698167142,1603155945255308495,1603155946621436810,1603155947191698433,1603155948608523526,1603155949180765776
35651584,1603155948335637840,1603155949452001796,1603155949982237369,1603155951097959847,1603155951604211729,1603155952844696170,1603155953639362231,1603155955071497367,1603155955585464102,1603155957361769483,1603155957945664852
35651584,1603155956335548535,1603155957348243770,1603155958001731043,1603155959079312195,1603155959577420077,1603155960698205903,1603155961308277619,1603155962506666637,1603155963071149251,1603155964468034957,1603155965123244681
35651584,1603155964335698886,1603155965321917938,1603155965919922372,1603155967123538864,1603155967765512177,1603155968963050705,1603155969518705488,1603155970786712619,1603155971353983885,1603155972748245497,1603155973339292735
35651584,1603155972335602537,1603155973302911113,1603155973942692144,1603155975127651164,1603155975654918620,1603155976782629128,1603155977406090833,1603155978821546423,1603155979310080302,1603155980639682612,1603155981320064583
35651584,1603155980335686894,1603155981352857451,1603155982011500711,1603155983104646656,1603155983619010979,1603155984832518405,1603155985389988794,1603155986642573464,1603155987341445596,1603155988650890277,1603155989296021803
35651584,1603155988335647639,1603155989469242458,1603155989973466470,1603155991121925265,1603155991772987684,1603155993041935891,1603155993635833856,1603155994982261302,1603155995611481783,1603155997201577233,1603155997767232089
35651584,1603155996335657828,1603155997441336194,1603155997953261643,1603155999071260981,1603155999558032421,1603156000811603506,1603156001366337280,1603156002631789154,1603156003108213100,1603156004403120837,1603156004997696604
35651584,1603156004335622420,1603156005219487923,1603156005775155089,1603156006853002588,1603156007423267391,1603156008612574357,1603156009340455600,1603156010682601544,1603156011223455788,1603156012394651205,1603156012921459957
35651584,1603156012335593533,1603156013264054641,1603156013777818677,1603156015061844762,1603156015597065845,1603156016819564068,1603156017364048558,1603156018633751462,1603156019174966270,1603156020438351726,1603156020960854971
35651584,1603156020335518383,1603156021247250231,1603156021803815530,1603156022923176984,1603156023532167665,1603156024699640129,1603156025411342703,1603156027037548553,1603156027543583061,1603156028958024591,1603156029529744599
35651584,1603156028335639563,1603156029338481514,1603156029959175582,1603156031067151443,1603156031567256566,1603156032703287102,1603156033303099925,1603156034589066981,1603156035101932765,1603156036357287400,1603156036938587272
35651584,1603156036335655727,1603156037521539356,1603156038066041193,1603156039272724763,1603156039745557908,1603156041008456740,1603156041558166392,1603156042739945906,1603156043393962736,1603156044809885437,1603156045368861677
35651584,1603156044335648201,1603156045371848528,1603156045912300697,1603156047009163795,1603156047560687088,1603156048622704311,1603156049228443510,1603156050448992934,1603156051003486393,1603156052669153687,1603156053267057155
35651584,1603156052335604511,1603156053397857791,1603156054016455636,1603156055244202602,1603156055817399113,1603156057147604417,1603156057691529136,1603156058981470450,1603156059514087426,1603156060648200845,1603156061269174611
35651584,1603156060335677943,1603156061461290808,1603156062000353228,1603156063329723651,1603156064048000171,1603156065441773059,1603156065994418642,1603156067229183235,1603156067759682753,1603156069077215681,1603156069601880275
35651584,1603156068335668508,1603156069555776586,1603156070155570086,1603156071303026772,1603156071790644459,1603156072866681294,1603156073391361081,1603156074555617716,1603156075119480858,1603156076418820951,1603156076997129130
35651584,1603156076335887159,1603156077478295632,1603156078041128107,1603156079302650746,1603156079854630077,1603156080970070842,1603156081509287020,1603156082747213657,1603156083308259761,1603156084580953159,1603156085171762127
35651584,1603156084335491215,1603156085307181584,1603156086010723721,1603156087102053134,1603156087662068899,1603156088812423597,1603156089380043969,1603156090668041094,1603156091260036942,1603156092549124495,1603156093100471107
35651584,1603156092335563667,1603156093340773177,1603156094031021907,1603156095265090497,1603156095771536557,1603156096897970919,1603156097466229405,1603156098731816750,1603156099235157311,1603156100366076040,1603156100895944391
